EID	TYPE	PROVIDER	MODEL	SOURCE
890440451167202494800000011596644	eSIM Card	EIOTCLUB	eSIM Card	https://www.youtube.com/watch?v=Iro2DWuLo74&t=4s
890440451167274948000000115956740	eSIM Card	EIOTCLUB	eSIM Card	https://www.youtube.com/watch?v=JvgTwymWj78&t=21s
890860302022000000000000001000000	eSIM Card	5ber	Premium	https://www.youtube.com/watch?v=PhdJUesPsnA&t=4m19s
890860302022000000200000000022711	eSIM Card	5ber	Ultra	https://www.youtube.com/watch?v=OfA-Ozb-yvg&t=24s
890860302022000000224000032559653	eSIM Card	5ber	Ultra	https://www.youtube.com/watch?v=hGWhAzixe-g&t=25s
890860302022000000224000032559689	eSIM Card	5ber	Premium	https://www.youtube.com/watch?v=Gj8l8I0syCY&t=11m33s
890860302022000000224000061912417	eSIM Card	5ber	Ultra	https://www.youtube.com/watch?v=PhdJUesPsnA&t=26s
890860302022000000240000000000000	eSIM Card	5ber	Premium	https://www.youtube.com/watch?v=ateCr_WQotg&t=45s
890860302022000000240000034391615	eSIM Card	5ber	Premium	https://www.youtube.com/watch?v=ZqYWQurBVRk&t=1m22s
